<?xml version="1.0" encoding="UTF-8"?>
<rss version="2.0" xmlns:ror="http://rorweb.com/0.1/" >
<channel>
  <title>ROR Sitemap for http://elessandroprestes.github.io/e10.com.br</title>
  <link>http://elessandroprestes.github.io/e10.com.br</link>

<item>
     <link>https://elessandroprestes.github.io/e10.com.br/</link>
     <title></title>
     <description>E10 Desenvolvedor Web, desenvolvendo soluções e
                                      aprimoramento estratégico. Entre em contato e saiba mais.</description>
     <ror:updatePeriod></ror:updatePeriod>
     <ror:sortOrder>0</ror:sortOrder>
     <ror:resourceOf>sitemap</ror:resourceOf>
</item>
</channel>
</rss>
  